<ImportExportXml xmlns:xsi="http://www.w3.org/2001/XMLSchema-instance">
  <Entities></Entities>
  <Roles></Roles>
  <Workflows>
    <Workflow WorkflowId="{053631f2-74bc-eb11-bacc-000d3a2d9ca4}" Name="Approvals V2">
      <JsonFileName>/Workflows/ApprovalsV2-053631F2-74BC-EB11-BACC-000D3A2D9CA4.json</JsonFileName>
      <Type>1</Type>
      <Subprocess>0</Subprocess>
      <Category>5</Category>
      <Mode>0</Mode>
      <Scope>4</Scope>
      <OnDemand>0</OnDemand>
      <TriggerOnCreate>0</TriggerOnCreate>
      <TriggerOnDelete>0</TriggerOnDelete>
      <AsyncAutodelete>0</AsyncAutodelete>
      <SyncWorkflowLogOnFailure>0</SyncWorkflowLogOnFailure>
      <StateCode>1</StateCode>
      <StatusCode>2</StatusCode>
      <RunAs>1</RunAs>
      <IsTransacted>1</IsTransacted>
      <IntroducedVersion>1.0.0.1</IntroducedVersion>
      <IsCustomizable>1</IsCustomizable>
      <BusinessProcessType>0</BusinessProcessType>
      <IsCustomProcessingStepAllowedForOtherPublishers>1</IsCustomProcessingStepAllowedForOtherPublishers>
      <PrimaryEntity>none</PrimaryEntity>
      <LocalizedNames>
        <LocalizedName languagecode="1033" description="Approvals V2" />
      </LocalizedNames>
    </Workflow>
    <Workflow WorkflowId="{3448bd7d-8097-eb11-b1ac-000d3a47908b}" Name="Curfew Authorization Process with Adobe Sign">
      <JsonFileName>/Workflows/CurfewAuthorizationProcesswithAdobeSign-3448BD7D-8097-EB11-B1AC-000D3A47908B.json</JsonFileName>
      <Type>1</Type>
      <Subprocess>0</Subprocess>
      <Category>5</Category>
      <Mode>0</Mode>
      <Scope>4</Scope>
      <OnDemand>0</OnDemand>
      <TriggerOnCreate>0</TriggerOnCreate>
      <TriggerOnDelete>0</TriggerOnDelete>
      <AsyncAutodelete>0</AsyncAutodelete>
      <SyncWorkflowLogOnFailure>0</SyncWorkflowLogOnFailure>
      <StateCode>0</StateCode>
      <StatusCode>1</StatusCode>
      <RunAs>1</RunAs>
      <IsTransacted>1</IsTransacted>
      <IntroducedVersion>1.0.0.1</IntroducedVersion>
      <IsCustomizable>1</IsCustomizable>
      <BusinessProcessType>0</BusinessProcessType>
      <IsCustomProcessingStepAllowedForOtherPublishers>1</IsCustomProcessingStepAllowedForOtherPublishers>
      <PrimaryEntity>none</PrimaryEntity>
      <LocalizedNames>
        <LocalizedName languagecode="1033" description="Curfew Authorization Process with Adobe Sign" />
      </LocalizedNames>
    </Workflow>
    <Workflow WorkflowId="{171b768c-0583-eb11-a812-000d3abd3230}" Name="Approvals" Description="This flow asks managers to approve onsite travel">
      <JsonFileName>/Workflows/Approvals-171B768C-0583-EB11-A812-000D3ABD3230.json</JsonFileName>
      <Type>1</Type>
      <Subprocess>0</Subprocess>
      <Category>5</Category>
      <Mode>0</Mode>
      <Scope>4</Scope>
      <OnDemand>0</OnDemand>
      <TriggerOnCreate>0</TriggerOnCreate>
      <TriggerOnDelete>0</TriggerOnDelete>
      <AsyncAutodelete>0</AsyncAutodelete>
      <SyncWorkflowLogOnFailure>0</SyncWorkflowLogOnFailure>
      <StateCode>0</StateCode>
      <StatusCode>1</StatusCode>
      <RunAs>1</RunAs>
      <IsTransacted>1</IsTransacted>
      <IntroducedVersion>1.0.0.1</IntroducedVersion>
      <IsCustomizable>1</IsCustomizable>
      <BusinessProcessType>0</BusinessProcessType>
      <IsCustomProcessingStepAllowedForOtherPublishers>1</IsCustomProcessingStepAllowedForOtherPublishers>
      <PrimaryEntity>none</PrimaryEntity>
      <LocalizedNames>
        <LocalizedName languagecode="1033" description="Approvals" />
      </LocalizedNames>
      <Descriptions>
        <Description languagecode="1033" description="This flow asks managers to approve onsite travel" />
      </Descriptions>
    </Workflow>
    <Workflow WorkflowId="{4555223b-ae85-eb11-a812-000d3abe5d94}" Name="Curfew Authorization Process">
      <JsonFileName>/Workflows/CurfewAuthorizationProcess-4555223B-AE85-EB11-A812-000D3ABE5D94.json</JsonFileName>
      <Type>1</Type>
      <Subprocess>0</Subprocess>
      <Category>5</Category>
      <Mode>0</Mode>
      <Scope>4</Scope>
      <OnDemand>0</OnDemand>
      <TriggerOnCreate>0</TriggerOnCreate>
      <TriggerOnDelete>0</TriggerOnDelete>
      <AsyncAutodelete>0</AsyncAutodelete>
      <SyncWorkflowLogOnFailure>0</SyncWorkflowLogOnFailure>
      <StateCode>1</StateCode>
      <StatusCode>2</StatusCode>
      <RunAs>1</RunAs>
      <IsTransacted>1</IsTransacted>
      <IntroducedVersion>1.0.0.1</IntroducedVersion>
      <IsCustomizable>1</IsCustomizable>
      <BusinessProcessType>0</BusinessProcessType>
      <IsCustomProcessingStepAllowedForOtherPublishers>1</IsCustomProcessingStepAllowedForOtherPublishers>
      <PrimaryEntity>none</PrimaryEntity>
      <LocalizedNames>
        <LocalizedName languagecode="1033" description="Curfew Authorization Process" />
      </LocalizedNames>
    </Workflow>
    <Workflow WorkflowId="{24eb6322-cfac-eb11-8236-0022488110c1}" Name="When an agreement workflow is completed successfully -&gt; Get form fi...">
      <JsonFileName>/Workflows/Whenanagreementworkflowiscompletedsuccessfully-Get-24EB6322-CFAC-EB11-8236-0022488110C1.json</JsonFileName>
      <Type>1</Type>
      <Subprocess>0</Subprocess>
      <Category>5</Category>
      <Mode>0</Mode>
      <Scope>4</Scope>
      <OnDemand>0</OnDemand>
      <TriggerOnCreate>0</TriggerOnCreate>
      <TriggerOnDelete>0</TriggerOnDelete>
      <AsyncAutodelete>0</AsyncAutodelete>
      <SyncWorkflowLogOnFailure>0</SyncWorkflowLogOnFailure>
      <StateCode>0</StateCode>
      <StatusCode>1</StatusCode>
      <RunAs>1</RunAs>
      <IsTransacted>1</IsTransacted>
      <IntroducedVersion>1.0.0.1</IntroducedVersion>
      <IsCustomizable>1</IsCustomizable>
      <BusinessProcessType>0</BusinessProcessType>
      <IsCustomProcessingStepAllowedForOtherPublishers>1</IsCustomProcessingStepAllowedForOtherPublishers>
      <PrimaryEntity>none</PrimaryEntity>
      <LocalizedNames>
        <LocalizedName languagecode="1033" description="When an agreement workflow is completed successfully -&gt; Get form fi..." />
      </LocalizedNames>
    </Workflow>
    <Workflow WorkflowId="{6de6512e-f0ac-eb11-8236-0022488110c1}" Name="Approval - Team meeting" Description="Used to request approval for team meetings (Approvers are hard coded : HR and LT members)">
      <JsonFileName>/Workflows/Approval-Teammeeting-6DE6512E-F0AC-EB11-8236-0022488110C1.json</JsonFileName>
      <Type>1</Type>
      <Subprocess>0</Subprocess>
      <Category>5</Category>
      <Mode>0</Mode>
      <Scope>4</Scope>
      <OnDemand>0</OnDemand>
      <TriggerOnCreate>0</TriggerOnCreate>
      <TriggerOnDelete>0</TriggerOnDelete>
      <AsyncAutodelete>0</AsyncAutodelete>
      <SyncWorkflowLogOnFailure>0</SyncWorkflowLogOnFailure>
      <StateCode>1</StateCode>
      <StatusCode>2</StatusCode>
      <RunAs>1</RunAs>
      <IsTransacted>1</IsTransacted>
      <IntroducedVersion>1.0.0.1</IntroducedVersion>
      <IsCustomizable>1</IsCustomizable>
      <BusinessProcessType>0</BusinessProcessType>
      <IsCustomProcessingStepAllowedForOtherPublishers>1</IsCustomProcessingStepAllowedForOtherPublishers>
      <PrimaryEntity>none</PrimaryEntity>
      <LocalizedNames>
        <LocalizedName languagecode="1033" description="Approval - Team meeting" />
      </LocalizedNames>
      <Descriptions>
        <Description languagecode="1033" description="Used to request approval for team meetings (Approvers are hard coded : HR and LT members)" />
      </Descriptions>
    </Workflow>
  </Workflows>
  <FieldSecurityProfiles></FieldSecurityProfiles>
  <Templates />
  <EntityMaps />
  <EntityRelationships />
  <OrganizationSettings />
  <optionsets />
  <CustomControls />
  <EntityDataProviders />
  <CanvasApps>
    <CanvasApp>
      <Name>frmsapde_hubcovid_ede70</Name>
      <AppVersion>2022-09-19T13:45:07Z</AppVersion>
      <Status>Ready</Status>
      <CreatedByClientVersion>3.22091.11.0</CreatedByClientVersion>
      <MinClientVersion>3.22091.11.0</MinClientVersion>
      <Tags>{"primaryDeviceWidth":"640","primaryDeviceHeight":"1136","sienaVersion":"20220601T161544Z-3.22053.15.0","deviceCapabilities":"","supportsPortrait":"true","supportsLandscape":"false","primaryFormFactor":"Phone","publisherVersion":"3.22091.11","minimumRequiredApiVersion":"2.2.0","hasComponent":"true","hasUnlockedComponent":"true","isUnifiedRootApp":"false"}</Tags>
      <IsCdsUpgraded>0</IsCdsUpgraded>
      <GalleryItemId xsi:nil="true"></GalleryItemId>
      <BackgroundColor>rgba(175, 229, 178, 1)</BackgroundColor>
      <DisplayName>My Hybrid Work</DisplayName>
      <Description xsi:nil="true"></Description>
      <CommitMessage xsi:nil="true"></CommitMessage>
      <Publisher></Publisher>
      <AuthorizationReferences>[]</AuthorizationReferences>
      <ConnectionReferences>{"5453364b-8c7a-4042-ab3a-ebccd090f70b":{"id":"/providers/microsoft.powerapps/apis/shared_office365users","displayName":"Utilisateurs d’Office 365","iconUri":"https://connectoricons-prod.azureedge.net/releases/v1.0.1593/1.0.1593.2980/office365users/icon.png","dataSources":["Office365Users"],"dependencies":[],"dependents":["61fec3ac-99e9-40e3-8f9f-11f9dd0bb652"],"parameterHints":{},"parameterHintsV2":{},"isOnPremiseConnection":false,"bypassConsent":false,"dataSets":{},"apiTier":"Standard","actions":["UserPhotoMetadata","UserPhotoV2","MyProfileV2","SearchUserV2","ManagerV2","UserProfileV2","DirectReportsV2","RelevantPeople","MyProfile"]},"a5c70fe0-c12c-48db-9a62-ab98d8be1bb4":{"id":"/providers/microsoft.powerapps/apis/shared_office365","displayName":"Office 365 Outlook","iconUri":"https://connectoricons-prod.azureedge.net/releases/v1.0.1596/1.0.1596.2995/office365/icon.png","dataSources":["Office365Outlook"],"dependencies":[],"dependents":["e9d0f531-5ddc-46ed-8883-0f3f53de4d68","61fec3ac-99e9-40e3-8f9f-11f9dd0bb652"],"parameterHints":{},"parameterHintsV2":{},"isOnPremiseConnection":false,"bypassConsent":false,"dataSets":{},"apiTier":"Standard"},"e9d0f531-5ddc-46ed-8883-0f3f53de4d68":{"id":"/providers/microsoft.powerapps/apis/shared_logicflows","displayName":"Flux logiques","iconUri":"https://connectoricons-prod.azureedge.net/releases/v1.0.1534/1.0.1534.2605/logicflows/icon.png","dataSources":["CurfewAuthorizationProcess"],"dependencies":["3e7e7bd5-bf96-4449-b230-dff95fe5cb2c","a5c70fe0-c12c-48db-9a62-ab98d8be1bb4"],"dependents":[],"parameterHints":{"workflowName":{"value":"70a2be2a-42c9-4a95-8dbc-0285bcf71f1f"},"workflowEntityId":{"value":"4555223b-ae85-eb11-a812-000d3abe5d94"},"3e7e7bd5-bf96-4449-b230-dff95fe5cb2c":{"value":"shared_wordonlinebusiness_1"},"a5c70fe0-c12c-48db-9a62-ab98d8be1bb4":{"value":"shared_office365_1"}},"parameterHintsV2":{"shared_wordonlinebusiness_1":{"value":"3e7e7bd5-bf96-4449-b230-dff95fe5cb2c"},"shared_office365_1":{"value":"a5c70fe0-c12c-48db-9a62-ab98d8be1bb4"}},"isOnPremiseConnection":false,"bypassConsent":false,"dataSets":{},"apiTier":"Standard","actions":["Run"]},"3e7e7bd5-bf96-4449-b230-dff95fe5cb2c":{"id":"/providers/microsoft.powerapps/apis/shared_wordonlinebusiness","displayName":"Word Online (Business)","iconUri":"https://connectoricons-prod.azureedge.net/releases/v1.0.1591/1.0.1591.2961/wordonlinebusiness/icon.png","dataSources":[],"dependencies":[],"dependents":["e9d0f531-5ddc-46ed-8883-0f3f53de4d68"],"parameterHints":{},"parameterHintsV2":{},"isOnPremiseConnection":false,"bypassConsent":false,"dataSets":{},"apiTier":"Premium"},"0be51539-c25a-439c-9a31-37ec42bd2ba8":{"id":"/providers/microsoft.powerapps/apis/shared_logicflows","displayName":"Flux logiques","iconUri":"https://connectoricons-prod.azureedge.net/releases/v1.0.1534/1.0.1534.2605/logicflows/icon.png","dataSources":["Approval-Teammeeting"],"dependencies":["97ff101f-fc93-417d-82e3-e3def9926785","14a93958-58af-48ef-8c64-b34dcfdce726","c679e911-5c71-4d8f-ac76-2d277bb86b83"],"dependents":[],"parameterHints":{"workflowName":{"value":"dbb32b3d-ac04-4691-9d46-d2a120eb17c0"},"workflowEntityId":{"value":"6de6512e-f0ac-eb11-8236-0022488110c1"},"97ff101f-fc93-417d-82e3-e3def9926785":{"value":"shared_approvals"},"14a93958-58af-48ef-8c64-b34dcfdce726":{"value":"shared_flowpush"},"c679e911-5c71-4d8f-ac76-2d277bb86b83":{"value":"shared_office365"}},"parameterHintsV2":{"shared_approvals":{"value":"97ff101f-fc93-417d-82e3-e3def9926785"},"shared_flowpush":{"value":"14a93958-58af-48ef-8c64-b34dcfdce726"},"shared_office365":{"value":"c679e911-5c71-4d8f-ac76-2d277bb86b83"}},"isOnPremiseConnection":false,"bypassConsent":false,"dataSets":{},"apiTier":"Standard","actions":["Run"]},"97ff101f-fc93-417d-82e3-e3def9926785":{"id":"/providers/microsoft.powerapps/apis/shared_approvals","displayName":"Approbations","iconUri":"https://connectoricons-prod.azureedge.net/releases/v1.0.1599/1.0.1599.3017/approvals/icon.png","dataSources":[],"dependencies":[],"dependents":["0be51539-c25a-439c-9a31-37ec42bd2ba8","61fec3ac-99e9-40e3-8f9f-11f9dd0bb652"],"parameterHints":{},"parameterHintsV2":{},"isOnPremiseConnection":false,"bypassConsent":false,"dataSets":{},"apiTier":"Standard"},"14a93958-58af-48ef-8c64-b34dcfdce726":{"id":"/providers/microsoft.powerapps/apis/shared_flowpush","displayName":"Notifications","iconUri":"https://connectoricons-prod.azureedge.net/releases/v1.0.1599/1.0.1599.3017/flowpush/icon.png","dataSources":[],"dependencies":[],"dependents":["0be51539-c25a-439c-9a31-37ec42bd2ba8","61fec3ac-99e9-40e3-8f9f-11f9dd0bb652"],"parameterHints":{},"parameterHintsV2":{},"isOnPremiseConnection":false,"bypassConsent":false,"dataSets":{},"apiTier":"Standard"},"c679e911-5c71-4d8f-ac76-2d277bb86b83":{"id":"/providers/microsoft.powerapps/apis/shared_office365","displayName":"Office 365 Outlook","iconUri":"https://connectoricons-prod.azureedge.net/releases/v1.0.1596/1.0.1596.2995/office365/icon.png","dataSources":[],"dependencies":[],"dependents":["0be51539-c25a-439c-9a31-37ec42bd2ba8"],"parameterHints":{},"parameterHintsV2":{},"isOnPremiseConnection":false,"bypassConsent":false,"dataSets":{},"apiTier":"Standard"},"61fec3ac-99e9-40e3-8f9f-11f9dd0bb652":{"id":"/providers/microsoft.powerapps/apis/shared_logicflows","displayName":"Flux logiques","iconUri":"https://connectoricons-prod.azureedge.net/releases/v1.0.1534/1.0.1534.2605/logicflows/icon.png","dataSources":["ApprovalsV2"],"dependencies":["5453364b-8c7a-4042-ab3a-ebccd090f70b","97ff101f-fc93-417d-82e3-e3def9926785","a5c70fe0-c12c-48db-9a62-ab98d8be1bb4","14a93958-58af-48ef-8c64-b34dcfdce726"],"dependents":[],"parameterHints":{"workflowName":{"value":"1aaee34b-f066-43f6-a20a-29b8b6a58d63"},"workflowEntityId":{"value":"053631f2-74bc-eb11-bacc-000d3a2d9ca4"},"5453364b-8c7a-4042-ab3a-ebccd090f70b":{"value":"shared_office365users"},"97ff101f-fc93-417d-82e3-e3def9926785":{"value":"shared_approvals"},"a5c70fe0-c12c-48db-9a62-ab98d8be1bb4":{"value":"shared_office365"},"14a93958-58af-48ef-8c64-b34dcfdce726":{"value":"shared_flowpush"}},"parameterHintsV2":{"shared_office365users":{"value":"5453364b-8c7a-4042-ab3a-ebccd090f70b"},"shared_approvals":{"value":"97ff101f-fc93-417d-82e3-e3def9926785"},"shared_office365":{"value":"a5c70fe0-c12c-48db-9a62-ab98d8be1bb4"},"shared_flowpush":{"value":"14a93958-58af-48ef-8c64-b34dcfdce726"}},"isOnPremiseConnection":false,"bypassConsent":false,"dataSets":{},"apiTier":"Standard","actions":["Run"]}}</ConnectionReferences>
      <DatabaseReferences>{}</DatabaseReferences>
      <AppComponents>[]</AppComponents>
      <AppComponentDependencies>[]</AppComponentDependencies>
      <CanvasAppType>0</CanvasAppType>
      <BypassConsent>0</BypassConsent>
      <AdminControlBypassConsent>0</AdminControlBypassConsent>
      <EmbeddedApp xsi:nil="true"></EmbeddedApp>
      <IntroducedVersion>1.0</IntroducedVersion>
      <CdsDependencies>{"cdsdependencies":[]}</CdsDependencies>
      <IsCustomizable>1</IsCustomizable>
      <BackgroundImageUri>/CanvasApps/frmsapde_hubcovid_ede70_BackgroundImageUri</BackgroundImageUri>
      <DocumentUri>/CanvasApps/frmsapde_hubcovid_ede70_DocumentUri.msapp</DocumentUri>
    </CanvasApp>
  </CanvasApps>
  <connectionreferences>
    <connectionreference connectionreferencelogicalname="frmsapde_sharedadobesign_b8cf8">
      <connectionreferencedisplayname>Adobe Sign</connectionreferencedisplayname>
      <connectorid>/providers/Microsoft.PowerApps/apis/shared_adobesign</connectorid>
      <iscustomizable>1</iscustomizable>
      <statecode>0</statecode>
      <statuscode>1</statuscode>
    </connectionreference>
    <connectionreference connectionreferencelogicalname="frmsapde_sharedapprovals_b7880">
      <connectionreferencedisplayname>Approvals</connectionreferencedisplayname>
      <connectorid>/providers/Microsoft.PowerApps/apis/shared_approvals</connectorid>
      <iscustomizable>1</iscustomizable>
      <statecode>0</statecode>
      <statuscode>1</statuscode>
    </connectionreference>
    <connectionreference connectionreferencelogicalname="frmsapde_sharedflowpush_ce0b3">
      <connectionreferencedisplayname>Notifications</connectionreferencedisplayname>
      <connectorid>/providers/Microsoft.PowerApps/apis/shared_flowpush</connectorid>
      <iscustomizable>1</iscustomizable>
      <statecode>0</statecode>
      <statuscode>1</statuscode>
    </connectionreference>
    <connectionreference connectionreferencelogicalname="frmsapde_sharedoffice365_4bf5a">
      <connectionreferencedisplayname>Office 365 Outlook</connectionreferencedisplayname>
      <connectorid>/providers/Microsoft.PowerApps/apis/shared_office365</connectorid>
      <iscustomizable>1</iscustomizable>
      <statecode>0</statecode>
      <statuscode>1</statuscode>
    </connectionreference>
    <connectionreference connectionreferencelogicalname="frmsapde_sharedwordonlinebusiness_65259">
      <connectionreferencedisplayname>Word Online (Business)</connectionreferencedisplayname>
      <connectorid>/providers/Microsoft.PowerApps/apis/shared_wordonlinebusiness</connectorid>
      <iscustomizable>1</iscustomizable>
      <statecode>0</statecode>
      <statuscode>1</statuscode>
    </connectionreference>
  </connectionreferences>
  <Languages>
    <Language>1033</Language>
  </Languages>
</ImportExportXml>